,accuracy,F-beta score (beta = 5)
0,0.6765190101353089,0.8197899006789134
