,accuracy,F-beta score (beta = 5)
0,0.6716057004681792,0.8253553770086526
