,accuracy,F-beta score (beta = 5)
0,0.6782168030045789,0.8073657685597984
