,k,mean_test_score,sem_test_score,sem_test_score_lower,sem_test_score_upper
0,1,0.35497564124547926,0.010077864856793309,0.3499367088170826,0.3600145736738759
1,3,0.31441717900700505,0.006425573129191167,0.3112043924424095,0.3176299655716006
2,5,0.29646411161706676,0.0030265776963204405,0.29495082276890655,0.29797740046522697
3,7,0.2827575134738471,0.004417964735469495,0.28054853110611233,0.28496649584158185
4,9,0.2723692876901452,0.005314231129258487,0.26971217212551596,0.2750264032547744
