,k,mean_test_score,sem_test_score,sem_test_score_lower,sem_test_score_upper
0,1,0.3548013996174042,0.008875153206996392,0.350363823013906,0.3592389762209024
2,5,0.2889722541656568,0.01395422850411573,0.2819951399135989,0.2959493684177147
1,3,0.28399774700573693,0.011639970566397094,0.2781777617225384,0.2898177322889355
3,7,0.26338858905816204,0.00714768181511939,0.25981474815060235,0.2669624299657217
4,9,0.23920811136429262,0.010892285485588292,0.23376196862149848,0.24465425410708677
