,k,mean_test_score,sem_test_score,sem_test_score_lower,sem_test_score_upper
0,1,0.319300053516867,0.012184654791989257,0.3132077261208724,0.32539238091286166
1,3,0.2531245256616624,0.01732279180930541,0.24446312975700968,0.2617859215663151
2,5,0.23763586310267143,0.022884418483185582,0.22619365386107865,0.2490780723442642
3,7,0.20384518237125118,0.0210812926076385,0.19330453606743192,0.21438582867507044
4,9,0.1898786706707935,0.02260119023286802,0.1785780755543595,0.2011792657872275
