,C,mean_test_score,sem_test_score,sem_test_score_lower,sem_test_score_upper
0,0.001,0.8057080721220228,0.010222479127205836,0.8005968325584198,0.8108193116856257
1,0.01,0.7928805695151341,0.007722910875610565,0.7890191140773288,0.7967420249529393
2,0.1,0.7903078018634249,0.008774673299013578,0.7859204652139181,0.7946951385129316
3,1.0,0.7854609306410363,0.011180515118362913,0.7798706730818549,0.7910511882002177
4,10.0,0.7835829258016028,0.010873454883373483,0.778146198359916,0.7890196532432896
5,100.0,0.7835829258016028,0.010873454883373483,0.778146198359916,0.7890196532432896
6,1000.0,0.7835829258016028,0.010873454883373483,0.778146198359916,0.7890196532432896
7,10000.0,0.7835829258016028,0.010873454883373483,0.778146198359916,0.7890196532432896
