,C,mean_test_score,sem_test_score,sem_test_score_lower,sem_test_score_upper
0,0.001,0.782350019435286,0.0038437546348863666,0.7804281421178428,0.7842718967527292
4,10.0,0.7808376820853115,0.003519131614810693,0.7790781162779061,0.7825972478927168
5,100.0,0.7808376820853115,0.003519131614810693,0.7790781162779061,0.7825972478927168
6,1000.0,0.7808376820853115,0.003519131614810693,0.7790781162779061,0.7825972478927168
7,10000.0,0.7808376820853115,0.003519131614810693,0.7790781162779061,0.7825972478927168
1,0.01,0.7807052066782292,0.0038803221021794327,0.7787650456271394,0.7826453677293189
3,1.0,0.7805258680125717,0.0034997265727241262,0.7787760047262097,0.7822757312989338
2,0.1,0.7804585324184591,0.0037726963342394585,0.7785721842513393,0.7823448805855788
