,model_name,mean_train_score,mean_test_score
0,K-Nearest Neighbors,0.4918381332190642,0.2531245256616624
1,SVC RBF,0.7848138287865966,0.7786041229041468
2,Logistic Regression,0.7783235318128688,0.7743530920224765
3,Random Forest,0.8245768131626037,0.8040302690822532
