,model_name,mean_train_score,mean_test_score
0,K-Nearest Neighbors,0.542996143003454,0.314417179007005
1,SVC RBF,0.8103384638505317,0.806221988189004
2,Logistic Regression,0.7818985640834549,0.7808376820853115
3,Random Forest,0.8320528066654104,0.8275604357290376
