,model_name,mean_train_score,mean_test_score
0,K-Nearest Neighbors,0.4179831260290946,0.2889722541656568
1,SVC RBF,0.8131352860808756,0.795977599916473
2,Logistic Regression,0.8039440108328391,0.7928805695151341
3,Random Forest,0.8518721619805296,0.8263343272477064
