,C,mean_test_score,sem_test_score,sem_test_score_lower,sem_test_score_upper
2,0.1,0.8137182718110232,0.00977863059264793,0.8088289565146992,0.8186075871073472
1,0.01,0.795977599916473,0.008537923310177985,0.791708638261384,0.8002465615715619
0,0.001,0.7729353816432089,4.111170446170537e-05,0.772914825790978,0.7729559374954397
3,1.0,0.7530049155116847,0.017536673727358936,0.7442365786480052,0.7617732523753642
4,10.0,0.5734241063342573,0.021428248132207308,0.5627099822681537,0.584138230400361
5,100.0,0.4642886561394854,0.01746126125868766,0.4555580255101416,0.4730192867688292
