,C,mean_test_score,sem_test_score,sem_test_score_lower,sem_test_score_upper
2,0.1,0.8117836141494333,0.005279542957650529,0.8091438426706081,0.8144233856282586
1,0.01,0.806221988189004,0.0050678427895294855,0.8036880667942393,0.8087559095837688
0,0.001,0.7978122485276483,0.005076079473069043,0.7952742087911138,0.8003502882641829
3,1.0,0.7935062228204808,0.0057347196153325975,0.7906388630128145,0.7963735826281471
4,10.0,0.7172228940722736,0.007706441233457162,0.713369673455545,0.7210761146890021
5,100.0,0.6024229590082176,0.006730316367907014,0.5990578008242641,0.6057881171921712
